StudentID,Name,Age,Gender,PracticeExam1,PracticeExam2,PracticeExam3,AttendanceRate,ParentalEducation,PreviousScholarship,ScholarshipStatus,AverageScore
1,0,16.0,1,84.0,74.0,53.0,84.0,1,0,0,70.33333333333333
2,112,16.0,1,64.0,88.0,75.2911111111111,91.0,3,1,0,75.7637037037037
3,223,18.0,1,95.0,98.0,95.0,93.0,3,0,1,96.0
4,334,17.0,1,79.0,75.0,87.0,87.46570796460178,2,0,0,80.33333333333333
5,445,17.0,0,85.0,68.0,94.0,87.46570796460178,3,0,1,82.33333333333333
6,556,17.0,1,76.0,58.0,89.0,87.46570796460178,2,0,1,74.33333333333333
7,667,16.0,1,58.0,88.0,71.0,88.0,1,0,0,72.33333333333333
8,778,16.0,1,66.0,97.0,95.0,89.0,1,1,1,86.0
9,889,18.0,1,91.0,94.0,84.0,93.0,1,1,1,89.66666666666667
10,1,16.0,1,75.42170022371364,70.0,75.2911111111111,86.0,1,0,0,73.57093711160825
11,13,16.0,1,73.0,85.0,98.0,77.0,1,1,1,85.33333333333333
12,24,16.0,1,75.42170022371364,62.0,58.0,75.0,3,1,1,65.14056674123788
13,35,17.0,0,62.0,95.0,75.2911111111111,96.0,0,1,1,77.43037037037037
14,46,17.0,1,75.42170022371364,72.0,94.0,100.0,1,1,1,80.4739000745712
15,57,16.0,1,88.0,58.0,79.0,87.0,3,0,0,75.0
16,68,17.0,0,54.0,91.0,91.0,87.46570796460178,2,0,0,78.66666666666667
17,79,18.0,1,98.0,61.0,79.0,97.0,1,0,0,79.33333333333333
18,90,17.0,1,92.0,94.0,64.0,93.0,0,1,1,83.33333333333333
19,101,18.0,0,80.0,95.0,89.0,99.0,3,0,0,88.0
20,113,18.0,1,71.0,72.0,73.0,94.0,3,1,0,72.0
21,124,16.0,1,50.0,87.0,94.0,85.0,3,0,1,77.0
22,135,17.0,1,62.0,92.0,71.0,100.0,2,1,1,75.0
23,146,18.0,1,57.0,93.0,70.0,80.0,0,0,0,73.33333333333333
24,157,18.0,1,98.0,84.0,51.0,87.46570796460178,1,1,0,77.66666666666667
25,168,18.0,0,65.0,77.0,75.2911111111111,83.0,2,0,0,72.43037037037037
26,179,17.0,1,95.0,83.0,80.0,78.0,1,1,0,86.0
27,190,17.0,0,65.0,74.0,60.0,75.0,0,0,0,66.33333333333333
28,201,18.0,1,99.0,92.0,72.0,87.46570796460178,3,1,0,87.66666666666667
29,212,16.0,1,79.0,75.40376106194691,58.0,80.0,1,0,0,70.80125368731564
30,224,16.0,0,72.0,100.0,75.0,89.0,3,0,1,82.33333333333333
31,235,18.0,1,73.0,68.0,100.0,96.0,3,1,1,80.33333333333333
32,246,16.0,1,81.0,59.0,85.0,94.0,1,0,0,75.0
33,257,18.0,0,96.0,94.0,100.0,84.0,1,1,1,96.66666666666667
34,268,18.0,1,70.0,63.0,79.0,94.0,0,1,0,70.66666666666667
35,279,18.0,1,73.0,52.0,76.0,96.0,1,1,1,67.0
36,290,16.0,0,52.0,78.0,65.0,96.0,0,1,1,65.0
37,301,18.0,0,64.0,93.0,80.0,84.0,0,0,1,79.0
38,312,16.0,0,51.0,64.0,71.0,87.46570796460178,1,0,1,62.0
39,323,18.0,1,87.0,85.0,94.0,81.0,3,1,0,88.66666666666667
40,335,16.0,0,76.0,82.0,100.0,75.0,2,0,0,86.0
41,346,18.0,1,62.0,94.0,86.0,81.0,1,1,1,80.66666666666667
42,357,18.0,1,74.0,92.0,84.0,81.0,1,1,0,83.33333333333333
43,368,17.0,0,65.0,75.40376106194691,61.0,79.0,0,1,1,67.13458702064896
44,379,16.0,0,91.0,76.0,54.0,88.0,0,1,1,73.66666666666667
45,390,16.0,1,71.0,93.0,95.0,100.0,0,0,0,86.33333333333333
46,401,17.0,1,81.0,85.0,81.0,77.0,1,1,1,82.33333333333333
47,412,18.0,0,91.0,75.40376106194691,88.0,89.0,2,1,1,84.80125368731564
48,423,16.0,0,79.0,62.0,85.0,88.0,1,1,1,75.33333333333333
49,434,17.0,0,100.0,99.0,75.2911111111111,87.46570796460178,1,1,0,91.43037037037037
50,446,16.0,1,58.0,78.0,69.0,79.0,1,0,1,68.33333333333333
51,457,18.0,0,81.0,90.0,54.0,89.0,2,1,1,75.0
52,468,18.0,0,84.0,91.0,93.0,90.0,2,1,0,89.33333333333333
53,479,18.0,1,53.0,87.0,99.0,87.46570796460178,0,0,0,79.66666666666667
54,490,18.0,1,54.0,88.0,70.0,82.0,3,0,0,70.66666666666667
55,501,17.0,0,92.0,96.0,92.0,93.0,1,1,0,93.33333333333333
56,512,18.0,1,75.42170022371364,68.0,75.2911111111111,87.0,0,1,1,72.90427044494157
57,523,18.0,1,75.42170022371364,93.0,58.0,87.46570796460178,2,1,0,75.4739000745712
58,534,17.0,1,90.0,75.40376106194691,98.0,87.46570796460178,1,0,1,87.80125368731564
59,545,18.0,0,95.0,97.0,50.0,97.0,2,1,0,80.66666666666667
60,557,16.0,0,63.0,74.0,92.0,88.0,3,1,1,76.33333333333333
61,568,17.0,0,73.0,75.40376106194691,84.0,98.0,0,0,0,77.46792035398231
62,579,17.0,0,75.42170022371364,66.0,89.0,98.0,3,0,1,76.80723340790455
63,590,17.0,0,89.0,87.0,62.0,84.0,2,1,0,79.33333333333333
64,601,18.0,0,92.0,50.0,70.0,87.46570796460178,2,0,0,70.66666666666667
65,612,18.0,1,50.0,95.0,100.0,91.0,0,1,1,81.66666666666667
66,623,18.0,1,76.0,52.0,69.0,94.0,1,1,1,65.66666666666667
67,634,17.0,1,75.42170022371364,70.0,77.0,90.0,1,1,0,74.14056674123788
68,645,18.0,0,67.0,99.0,72.0,76.0,0,1,0,79.33333333333333
69,656,16.0,0,68.0,89.0,87.0,88.0,1,1,0,81.33333333333333
70,668,17.0,1,75.42170022371364,69.0,75.2911111111111,92.0,0,0,1,73.2376037782749
71,679,16.0,0,93.0,86.0,75.0,87.46570796460178,0,1,0,84.66666666666667
72,690,18.0,0,61.0,54.0,68.0,88.0,2,1,1,61.0
73,701,18.0,0,56.0,70.0,75.2911111111111,78.0,0,1,0,67.09703703703703
74,712,18.0,0,65.0,61.0,53.0,95.0,0,0,0,59.666666666666664
75,723,16.0,0,83.0,100.0,75.2911111111111,97.0,0,0,1,86.09703703703703
76,734,17.0,1,72.0,76.0,72.0,80.0,2,1,0,73.33333333333333
77,745,18.0,0,75.0,75.0,68.0,81.0,2,1,0,72.66666666666667
78,756,17.0,0,75.42170022371364,75.40376106194691,65.0,89.0,0,1,1,71.94182042855351
79,767,18.0,0,79.0,63.0,87.0,82.0,3,0,1,76.33333333333333
80,779,18.0,0,94.0,71.0,70.0,96.0,1,0,1,78.33333333333333
81,790,18.0,0,93.0,63.0,75.0,94.0,2,1,0,77.0
82,801,17.0,1,55.0,89.0,84.0,97.0,2,0,1,76.0
83,812,18.0,0,91.0,85.0,61.0,79.0,3,1,0,79.0
84,823,17.0,1,55.0,91.0,62.0,98.0,0,0,0,69.33333333333333
85,834,17.0,1,74.0,75.40376106194691,73.0,88.0,3,1,0,74.13458702064896
86,845,18.0,1,53.0,78.0,59.0,96.0,3,0,0,63.333333333333336
87,856,18.0,1,94.0,91.0,92.0,86.0,1,1,1,92.33333333333333
88,867,18.0,0,81.0,89.0,50.0,100.0,2,0,1,73.33333333333333
89,878,18.0,1,91.0,52.0,75.2911111111111,80.0,3,1,0,72.7637037037037
90,890,17.0,0,86.0,70.0,75.2911111111111,84.0,0,1,0,77.09703703703703
91,901,17.0,1,56.0,100.0,81.0,77.0,0,0,1,79.0
92,912,18.0,1,52.0,74.0,58.0,79.0,1,0,0,61.333333333333336
93,923,16.0,0,94.0,96.0,75.2911111111111,80.0,2,0,1,88.43037037037037
94,934,16.0,1,80.0,83.0,76.0,78.0,0,0,1,79.66666666666667
95,945,16.0,0,54.0,73.0,100.0,90.0,2,1,0,75.66666666666667
96,956,17.0,0,67.0,82.0,77.0,81.0,0,1,1,75.33333333333333
97,967,17.0,0,86.0,52.0,79.0,75.0,3,0,1,72.33333333333333
98,978,18.0,1,61.0,91.0,85.0,83.0,0,1,1,79.0
99,989,16.0,0,70.0,82.0,74.0,80.0,2,1,0,75.33333333333333
100,2,18.0,0,75.42170022371364,75.40376106194691,61.0,91.0,3,1,0,70.60848709522018
101,4,18.0,0,59.0,75.40376106194691,50.0,87.46570796460178,3,1,0,61.4679203539823
102,5,18.0,1,95.0,99.0,96.0,87.46570796460178,1,0,1,96.66666666666667
103,6,18.0,1,54.0,50.0,82.0,94.0,0,0,1,62.0
104,7,16.0,1,86.0,63.0,84.0,92.0,1,0,1,77.66666666666667
105,8,16.0,0,74.0,99.0,52.0,83.0,2,1,0,75.0
106,9,18.0,1,84.0,93.0,86.0,100.0,1,1,1,87.66666666666667
107,10,18.0,1,98.0,56.0,73.0,76.0,1,0,1,75.66666666666667
108,11,16.0,0,100.0,94.0,80.0,92.0,3,1,1,91.33333333333333
109,12,18.0,0,96.0,97.0,55.0,79.0,1,1,1,82.66666666666667
110,14,18.0,1,75.42170022371364,91.0,96.0,91.0,2,1,0,87.4739000745712
111,15,17.0,0,72.0,54.0,98.0,78.0,1,1,0,74.66666666666667
112,16,18.0,1,75.42170022371364,59.0,79.0,89.0,2,1,0,71.14056674123788
113,17,16.0,0,54.0,75.40376106194691,83.0,99.0,2,1,1,70.80125368731564
114,18,18.0,1,99.0,52.0,55.0,78.0,2,0,0,68.66666666666667
115,19,17.0,0,88.0,75.40376106194691,90.0,94.0,0,1,1,84.46792035398231
116,20,16.0,1,99.0,75.40376106194691,92.0,78.0,0,1,0,88.80125368731564
117,21,18.0,1,90.0,85.0,75.2911111111111,76.0,2,1,1,83.43037037037037
118,22,17.0,0,78.0,75.40376106194691,87.0,80.0,1,0,0,80.13458702064896
119,23,17.0,0,72.0,66.0,53.0,81.0,1,1,0,63.666666666666664
120,25,18.0,0,74.0,78.0,84.0,80.0,3,1,1,78.66666666666667
121,26,17.0,0,93.0,77.0,80.0,97.0,0,1,1,83.33333333333333
122,27,16.0,1,74.0,74.0,80.0,91.0,3,1,1,76.0
123,28,18.0,1,75.42170022371364,84.0,71.0,78.0,1,0,0,76.80723340790455
124,29,18.0,1,65.0,75.40376106194691,68.0,86.0,1,0,0,69.46792035398231
125,30,16.0,0,55.0,54.0,52.0,79.0,0,0,0,53.666666666666664
126,31,16.0,1,74.0,87.0,88.0,81.0,2,1,0,83.0
127,32,18.0,1,90.0,75.40376106194691,96.0,88.0,3,1,0,87.13458702064896
128,33,18.0,1,74.0,72.0,66.0,75.0,1,0,0,70.66666666666667
129,34,17.0,1,56.0,56.0,75.2911111111111,100.0,2,0,0,62.43037037037036
130,36,16.0,1,75.42170022371364,93.0,60.0,84.0,2,0,1,76.14056674123788
131,37,17.0,0,78.0,55.0,92.0,77.0,2,0,1,75.0
132,38,16.0,0,67.0,78.0,97.0,97.0,1,0,1,80.66666666666667
133,39,16.0,0,55.0,92.0,68.0,86.0,1,0,1,71.66666666666667
134,40,18.0,0,78.0,75.40376106194691,58.0,82.0,0,1,1,70.46792035398231
135,41,16.0,1,82.0,64.0,100.0,99.0,2,0,0,82.0
136,42,17.0,0,51.0,75.0,58.0,100.0,3,1,0,61.333333333333336
137,43,17.0,0,75.42170022371364,84.0,67.0,100.0,0,1,0,75.4739000745712
138,44,18.0,0,88.0,90.0,50.0,88.0,2,0,0,76.0
139,45,17.0,1,70.0,93.0,88.0,91.0,3,0,0,83.66666666666667
140,47,18.0,1,50.0,100.0,87.0,86.0,3,1,1,79.0
141,48,18.0,1,74.0,91.0,92.0,89.0,0,0,0,85.66666666666667
142,49,17.0,1,96.0,50.0,61.0,75.0,2,1,1,69.0
143,50,17.0,1,65.0,85.0,94.0,91.0,1,1,1,81.33333333333333
144,51,18.0,1,60.0,52.0,61.0,77.0,0,0,0,57.666666666666664
145,52,18.0,0,60.0,75.40376106194691,52.0,87.0,0,0,0,62.4679203539823
146,53,18.0,0,69.0,84.0,55.0,80.0,0,0,0,69.33333333333333
147,54,18.0,0,59.0,55.0,88.0,87.0,3,0,1,67.33333333333333
148,55,18.0,0,75.42170022371364,97.0,59.0,96.0,2,0,0,77.14056674123788
149,56,16.0,0,76.0,96.0,98.0,79.0,1,0,0,90.0
150,58,17.0,0,100.0,76.0,99.0,76.0,2,1,0,91.66666666666667
151,59,17.0,0,75.42170022371364,82.0,92.0,97.0,0,0,0,83.14056674123788
152,60,16.0,1,65.0,61.0,90.0,91.0,3,0,0,72.0
153,61,18.0,1,81.0,66.0,86.0,88.0,3,1,1,77.66666666666667
154,62,16.0,0,62.0,61.0,72.0,96.0,0,0,1,65.0
155,63,17.0,0,58.0,86.0,75.2911111111111,84.0,3,0,1,73.09703703703703
156,64,17.0,1,75.0,98.0,57.0,85.0,2,1,1,76.66666666666667
157,65,16.0,0,89.0,85.0,75.2911111111111,75.0,3,0,0,83.09703703703703
158,66,16.0,0,71.0,85.0,80.0,91.0,2,1,0,78.66666666666667
159,67,16.0,0,77.0,75.40376106194691,97.0,79.0,2,1,0,83.13458702064896
160,69,17.0,1,91.0,66.0,84.0,89.0,3,0,1,80.33333333333333
161,70,16.0,1,58.0,75.40376106194691,93.0,92.0,0,0,0,75.46792035398231
162,71,16.0,0,88.0,81.0,80.0,94.0,2,0,0,83.0
163,72,18.0,1,62.0,72.0,83.0,97.0,1,0,1,72.33333333333333
164,73,16.0,1,61.0,91.0,50.0,100.0,2,0,1,67.33333333333333
165,74,17.0,1,70.0,68.0,78.0,87.0,3,1,0,72.0
166,75,18.0,0,94.0,62.0,70.0,84.0,2,1,0,75.33333333333333
167,76,18.0,1,86.0,78.0,93.0,87.46570796460178,1,1,0,85.66666666666667
168,77,17.0,1,70.0,92.0,56.0,87.0,1,0,0,72.66666666666667
169,78,17.0,0,100.0,87.0,90.0,98.0,1,0,1,92.33333333333333
170,80,18.0,0,57.0,86.0,77.0,91.0,0,1,1,73.33333333333333
171,81,17.0,0,62.0,70.0,91.0,84.0,1,0,0,74.33333333333333
172,82,18.0,1,84.0,60.0,71.0,91.0,0,1,0,71.66666666666667
173,83,18.0,1,99.0,75.40376106194691,56.0,91.0,1,1,1,76.80125368731564
174,84,17.0,0,96.0,64.0,87.0,95.0,1,1,1,82.33333333333333
175,85,16.0,0,95.0,91.0,99.0,75.0,2,0,0,95.0
176,86,16.0,1,68.0,73.0,65.0,92.0,3,0,1,68.66666666666667
177,87,18.0,1,54.0,96.0,87.0,82.0,1,1,1,79.0
178,88,18.0,0,100.0,80.0,83.0,84.0,3,0,1,87.66666666666667
179,89,18.0,1,93.0,72.0,94.0,91.0,0,1,1,86.33333333333333
180,91,18.0,0,90.0,81.0,70.0,76.0,3,1,1,80.33333333333333
181,92,18.0,1,66.0,61.0,93.0,83.0,3,0,1,73.33333333333333
182,93,16.0,0,95.0,55.0,75.2911111111111,86.0,1,1,1,75.09703703703703
183,94,16.0,1,74.0,58.0,75.2911111111111,99.0,3,0,1,69.09703703703703
184,95,16.0,0,75.42170022371364,62.0,83.0,78.0,1,1,0,73.4739000745712
185,96,18.0,1,80.0,90.0,78.0,93.0,0,0,1,82.66666666666667
186,97,18.0,0,84.0,75.40376106194691,96.0,89.0,1,0,0,85.13458702064896
187,98,16.0,1,94.0,75.40376106194691,62.0,82.0,3,1,1,77.13458702064896
188,99,17.0,0,52.0,75.40376106194691,75.2911111111111,93.0,2,1,0,67.56495739101933
189,100,17.0,0,73.0,51.0,53.0,95.0,0,0,0,59.0
190,102,17.0,0,84.0,87.0,92.0,94.0,1,0,0,87.66666666666667
191,103,18.0,0,55.0,87.0,63.0,84.0,3,1,1,68.33333333333333
192,104,17.0,0,65.0,52.0,90.0,100.0,0,1,0,69.0
193,105,18.0,1,72.0,84.0,57.0,93.0,0,1,0,71.0
194,106,17.0,0,89.0,84.0,75.2911111111111,97.0,0,0,1,82.7637037037037
195,107,18.0,1,75.42170022371364,99.0,74.0,98.0,1,1,1,82.80723340790455
196,108,18.0,0,93.0,75.0,91.0,85.0,2,0,0,86.33333333333333
197,109,17.0,1,98.0,99.0,61.0,81.0,0,0,0,86.0
198,110,16.0,0,100.0,68.0,94.0,86.0,2,0,0,87.33333333333333
199,111,18.0,0,50.0,82.0,68.0,79.0,1,0,0,66.66666666666667
200,114,16.0,1,75.42170022371364,75.0,54.0,88.0,3,1,1,68.14056674123788
201,115,16.0,0,97.0,50.0,67.0,87.46570796460178,3,1,1,71.33333333333333
202,116,16.0,1,87.0,89.0,94.0,87.46570796460178,3,1,0,90.0
203,117,16.0,1,64.0,98.0,99.0,90.0,0,0,1,87.0
204,118,17.0,0,75.0,78.0,66.0,77.0,2,0,0,73.0
205,119,17.0,0,93.0,86.0,54.0,91.0,1,1,1,77.66666666666667
206,120,18.0,1,82.0,92.0,53.0,92.0,2,0,1,75.66666666666667
207,121,18.0,0,51.0,59.0,71.0,87.0,0,0,1,60.333333333333336
208,122,18.0,0,68.0,80.0,66.0,93.0,1,1,0,71.33333333333333
209,123,17.0,0,55.0,52.0,66.0,88.0,2,1,1,57.666666666666664
210,125,18.0,1,96.0,81.0,54.0,97.0,2,0,0,77.0
211,126,16.0,0,69.0,66.0,62.0,90.0,3,1,0,65.66666666666667
212,127,17.0,1,100.0,52.0,61.0,88.0,2,0,0,71.0
213,128,18.0,1,80.0,83.0,56.0,79.0,2,0,1,73.0
214,129,16.0,1,56.0,73.0,99.0,90.0,0,1,0,76.0
215,130,18.0,1,94.0,79.0,89.0,79.0,1,1,1,87.33333333333333
216,131,18.0,0,54.0,52.0,78.0,91.0,3,0,0,61.333333333333336
217,132,18.0,0,95.0,70.0,56.0,78.0,0,1,1,73.66666666666667
218,133,18.0,1,71.0,83.0,75.2911111111111,89.0,2,1,0,76.43037037037037
219,134,18.0,1,93.0,67.0,75.2911111111111,98.0,1,0,1,78.43037037037037
220,136,18.0,1,97.0,66.0,99.0,92.0,3,0,1,87.33333333333333
221,137,17.0,1,61.0,86.0,81.0,78.0,3,1,1,76.0
222,138,17.0,0,71.0,91.0,90.0,88.0,1,0,1,84.0
223,139,18.0,1,79.0,87.0,75.2911111111111,86.0,2,1,1,80.43037037037037
224,140,17.0,1,75.0,54.0,75.2911111111111,76.0,1,1,0,68.09703703703703
225,141,16.0,1,61.0,74.0,59.0,78.0,3,0,1,64.66666666666667
226,142,16.0,1,77.0,64.0,75.0,86.0,2,1,1,72.0
227,143,18.0,1,97.0,72.0,82.0,90.0,2,1,0,83.66666666666667
228,144,16.0,0,62.0,72.0,99.0,87.46570796460178,2,0,0,77.66666666666667
229,145,16.0,0,77.0,80.0,77.0,100.0,1,1,1,78.0
230,147,18.0,0,95.0,50.0,96.0,76.0,1,0,0,80.33333333333333
231,148,17.0,0,67.0,58.0,100.0,84.0,2,0,1,75.0
232,149,16.0,0,100.0,64.0,75.2911111111111,81.0,0,0,0,79.7637037037037
233,150,16.0,1,75.42170022371364,75.40376106194691,74.0,98.0,3,0,0,74.94182042855351
234,151,17.0,0,84.0,63.0,99.0,78.0,2,0,1,82.0
235,152,16.0,1,70.0,60.0,86.0,77.0,1,0,1,72.0
236,153,16.0,0,57.0,95.0,72.0,88.0,1,1,1,74.66666666666667
237,154,17.0,0,81.0,92.0,69.0,84.0,3,0,1,80.66666666666667
238,155,18.0,0,90.0,71.0,90.0,85.0,3,0,1,83.66666666666667
239,156,16.0,0,74.0,80.0,91.0,90.0,0,1,0,81.66666666666667
240,158,17.0,1,87.0,80.0,75.2911111111111,94.0,1,0,1,80.7637037037037
241,159,16.0,0,72.0,60.0,71.0,79.0,0,0,0,67.66666666666667
242,160,16.0,1,89.0,76.0,75.2911111111111,89.0,3,0,1,80.09703703703703
243,161,18.0,0,93.0,75.40376106194691,99.0,96.0,1,0,1,89.13458702064896
244,162,18.0,0,69.0,75.40376106194691,62.0,98.0,3,1,1,68.80125368731564
245,163,18.0,0,87.0,60.0,52.0,100.0,1,0,0,66.33333333333333
246,164,17.0,1,75.42170022371364,82.0,92.0,94.0,0,1,0,83.14056674123788
247,165,18.0,1,57.0,75.40376106194691,94.0,82.0,2,1,0,75.46792035398231
248,166,17.0,0,57.0,53.0,56.0,85.0,0,1,1,55.333333333333336
249,167,18.0,0,94.0,61.0,72.0,96.0,3,1,0,75.66666666666667
250,169,18.0,1,74.0,75.0,90.0,98.0,3,1,0,79.66666666666667
251,170,17.0,1,58.0,86.0,62.0,77.0,2,1,1,68.66666666666667
252,171,18.0,0,77.0,96.0,62.0,97.0,2,1,0,78.33333333333333
253,172,18.0,0,90.0,68.0,75.2911111111111,87.46570796460178,2,0,1,77.7637037037037
254,173,18.0,1,91.0,63.0,65.0,99.0,3,0,0,73.0
255,174,16.0,0,61.0,80.0,54.0,92.0,0,1,0,65.0
256,175,16.0,1,81.0,60.0,91.0,95.0,2,1,0,77.33333333333333
257,176,18.0,0,61.0,76.0,84.0,81.0,1,1,0,73.66666666666667
258,177,16.0,0,78.0,100.0,78.0,92.0,3,1,0,85.33333333333333
259,178,16.0,1,72.0,99.0,51.0,76.0,3,0,0,74.0
260,180,17.0,1,81.0,92.0,75.2911111111111,91.0,0,1,0,82.7637037037037
261,181,18.0,0,74.0,60.0,75.2911111111111,90.0,0,1,1,69.7637037037037
262,182,17.0,1,82.0,71.0,52.0,75.0,2,0,1,68.33333333333333
263,183,18.0,0,76.0,88.0,63.0,92.0,3,1,1,75.66666666666667
264,184,16.0,1,76.0,64.0,92.0,75.0,1,1,0,77.33333333333333
265,185,17.0,1,78.0,58.0,93.0,81.0,2,1,0,76.33333333333333
266,186,18.0,1,55.0,62.0,84.0,97.0,0,0,0,67.0
267,187,18.0,1,100.0,82.0,87.0,93.0,1,1,0,89.66666666666667
268,188,17.0,0,68.0,59.0,54.0,100.0,0,0,1,60.333333333333336
269,189,18.0,0,75.42170022371364,61.0,75.2911111111111,85.0,2,0,0,70.57093711160825
270,191,18.0,1,68.0,89.0,91.0,76.0,1,0,1,82.66666666666667
271,192,16.0,0,79.0,100.0,75.2911111111111,75.0,0,0,1,84.7637037037037
272,193,18.0,0,99.0,98.0,89.0,80.0,3,1,0,95.33333333333333
273,194,16.0,0,85.0,80.0,75.2911111111111,91.0,3,1,0,80.09703703703703
274,195,17.0,0,86.0,88.0,58.0,83.0,2,0,1,77.33333333333333
275,196,18.0,0,99.0,50.0,75.2911111111111,87.46570796460178,1,1,0,74.7637037037037
276,197,16.0,0,73.0,99.0,69.0,92.0,0,1,0,80.33333333333333
277,198,16.0,1,98.0,77.0,56.0,79.0,0,0,1,77.0
278,199,17.0,0,75.42170022371364,73.0,60.0,99.0,3,1,0,69.4739000745712
279,200,18.0,1,84.0,94.0,54.0,87.46570796460178,2,0,0,77.33333333333333
280,202,18.0,0,77.0,64.0,56.0,88.0,1,0,0,65.66666666666667
281,203,17.0,1,91.0,80.0,88.0,76.0,3,1,1,86.33333333333333
282,204,18.0,0,69.0,74.0,64.0,85.0,3,1,1,69.0
283,205,17.0,0,52.0,97.0,75.2911111111111,97.0,3,0,0,74.7637037037037
284,206,18.0,0,72.0,94.0,71.0,87.46570796460178,0,0,0,79.0
285,207,18.0,1,55.0,77.0,97.0,85.0,2,0,1,76.33333333333333
286,208,18.0,0,57.0,80.0,70.0,85.0,3,0,0,69.0
287,209,16.0,1,65.0,55.0,93.0,78.0,3,0,1,71.0
288,210,16.0,1,97.0,84.0,58.0,87.46570796460178,0,1,0,79.66666666666667
289,211,18.0,0,72.0,62.0,100.0,94.0,1,1,0,78.0
290,213,18.0,0,89.0,75.40376106194691,52.0,90.0,1,0,0,72.13458702064896
291,214,16.0,0,60.0,50.0,71.0,91.0,1,0,0,60.333333333333336
292,215,16.0,1,100.0,57.0,75.2911111111111,78.0,0,1,0,77.43037037037037
293,216,18.0,1,63.0,74.0,98.0,85.0,0,0,0,78.33333333333333
294,217,17.0,0,86.0,94.0,94.0,88.0,2,1,0,91.33333333333333
295,218,18.0,0,67.0,76.0,60.0,87.46570796460178,1,1,0,67.66666666666667
296,219,17.0,0,60.0,59.0,87.0,87.46570796460178,0,1,0,68.66666666666667
297,220,18.0,1,95.0,87.0,75.2911111111111,75.0,1,1,1,85.7637037037037
298,221,18.0,1,86.0,84.0,75.2911111111111,93.0,2,0,0,81.7637037037037
299,222,16.0,0,82.0,73.0,89.0,82.0,3,1,0,81.33333333333333
300,225,16.0,0,93.0,93.0,60.0,95.0,1,1,1,82.0
301,226,16.0,1,58.0,63.0,75.2911111111111,84.0,3,1,0,65.43037037037037
302,227,17.0,0,100.0,100.0,50.0,89.0,3,1,1,83.33333333333333
303,228,16.0,0,53.0,61.0,75.2911111111111,87.46570796460178,2,0,0,63.09703703703703
304,229,18.0,1,91.0,85.0,95.0,81.0,2,0,0,90.33333333333333
305,230,17.0,1,58.0,69.0,68.0,79.0,3,1,0,65.0
306,231,18.0,0,95.0,99.0,100.0,80.0,1,0,1,98.0
307,232,17.0,0,65.0,97.0,94.0,92.0,3,1,1,85.33333333333333
308,233,16.0,1,93.0,92.0,59.0,92.0,0,0,1,81.33333333333333
309,234,18.0,1,59.0,64.0,83.0,75.0,0,1,1,68.66666666666667
310,236,18.0,1,67.0,94.0,65.0,94.0,0,0,0,75.33333333333333
311,237,16.0,1,74.0,56.0,89.0,80.0,0,0,1,73.0
312,238,18.0,1,90.0,75.0,88.0,87.46570796460178,2,0,1,84.33333333333333
313,239,17.0,0,99.0,85.0,81.0,90.0,1,1,1,88.33333333333333
314,240,17.0,1,75.42170022371364,93.0,55.0,83.0,2,1,0,74.4739000745712
315,241,16.0,1,67.0,60.0,100.0,87.0,0,1,1,75.66666666666667
316,242,18.0,0,73.0,90.0,76.0,95.0,3,1,0,79.66666666666667
317,243,18.0,1,81.0,75.40376106194691,75.2911111111111,91.0,0,0,0,77.231624057686
318,244,17.0,0,50.0,75.40376106194691,57.0,80.0,3,0,1,60.801253687315636
319,245,17.0,1,96.0,88.0,56.0,93.0,1,0,1,80.0
320,247,17.0,1,75.42170022371364,54.0,98.0,87.46570796460178,0,1,1,75.80723340790455
321,248,17.0,1,90.0,73.0,82.0,87.46570796460178,0,0,0,81.66666666666667
322,249,18.0,1,72.0,75.40376106194691,99.0,79.0,0,1,1,82.13458702064896
323,250,16.0,0,100.0,75.40376106194691,63.0,83.0,0,1,1,79.46792035398231
324,251,17.0,1,63.0,75.0,62.0,81.0,1,0,0,66.66666666666667
325,252,18.0,0,63.0,83.0,59.0,100.0,0,0,1,68.33333333333333
326,253,18.0,0,70.0,88.0,80.0,96.0,3,1,0,79.33333333333333
327,254,17.0,1,71.0,75.40376106194691,60.0,95.0,1,0,1,68.80125368731564
328,255,18.0,0,58.0,61.0,52.0,99.0,2,1,0,57.0
329,256,17.0,0,81.0,78.0,75.2911111111111,83.0,0,1,0,78.09703703703703
330,258,16.0,0,93.0,75.40376106194691,63.0,85.0,0,0,0,77.13458702064896
331,259,18.0,1,52.0,83.0,71.0,89.0,3,1,1,68.66666666666667
332,260,16.0,1,75.42170022371364,52.0,98.0,85.0,1,1,1,75.14056674123788
333,261,18.0,0,79.0,82.0,56.0,87.46570796460178,0,1,1,72.33333333333333
334,262,17.0,0,75.42170022371364,64.0,84.0,95.0,1,1,1,74.4739000745712
335,263,17.0,1,60.0,93.0,100.0,94.0,1,0,1,84.33333333333333
336,264,18.0,0,50.0,75.40376106194691,75.2911111111111,75.0,3,1,1,66.89829072435266
337,265,18.0,0,77.0,50.0,54.0,88.0,3,0,0,60.333333333333336
338,266,18.0,0,94.0,55.0,96.0,97.0,2,1,0,81.66666666666667
339,267,17.0,0,91.0,99.0,87.0,99.0,0,0,1,92.33333333333333
340,269,17.0,0,67.0,92.0,62.0,77.0,0,0,1,73.66666666666667
341,270,16.0,0,75.42170022371364,87.0,70.0,95.0,2,0,0,77.4739000745712
342,271,17.0,1,55.0,50.0,57.0,92.0,3,0,0,54.0
343,272,18.0,1,91.0,54.0,56.0,87.46570796460178,3,1,1,67.0
344,273,18.0,1,75.0,85.0,76.0,96.0,1,1,1,78.66666666666667
345,274,18.0,0,96.0,85.0,74.0,78.0,3,0,1,85.0
346,275,16.0,1,64.0,72.0,54.0,87.0,1,0,1,63.333333333333336
347,276,18.0,0,55.0,67.0,81.0,86.0,2,1,0,67.66666666666667
348,277,18.0,0,50.0,62.0,75.2911111111111,99.0,1,1,1,62.43037037037036
349,278,18.0,1,54.0,75.0,63.0,75.0,2,0,0,64.0
350,280,18.0,1,64.0,66.0,79.0,86.0,2,0,0,69.66666666666667
351,281,16.0,0,78.0,82.0,73.0,89.0,2,0,1,77.66666666666667
352,282,16.0,1,75.42170022371364,54.0,96.0,87.46570796460178,2,1,0,75.14056674123788
353,283,18.0,1,57.0,71.0,72.0,99.0,3,0,1,66.66666666666667
354,284,17.0,0,77.0,82.0,62.0,97.0,0,0,1,73.66666666666667
355,285,18.0,0,80.0,84.0,52.0,77.0,2,0,1,72.0
356,286,16.0,1,75.42170022371364,86.0,53.0,95.0,1,1,0,71.4739000745712
357,287,16.0,0,96.0,78.0,57.0,97.0,0,1,1,77.0
358,288,18.0,1,56.0,86.0,79.0,90.0,1,0,1,73.66666666666667
359,289,18.0,1,69.0,65.0,98.0,76.0,1,0,1,77.33333333333333
360,291,18.0,0,99.0,99.0,68.0,97.0,1,1,1,88.66666666666667
361,292,18.0,0,58.0,79.0,100.0,81.0,2,0,0,79.0
362,293,16.0,1,93.0,51.0,89.0,87.46570796460178,0,1,1,77.66666666666667
363,294,18.0,0,83.0,66.0,86.0,95.0,2,0,0,78.33333333333333
364,295,17.0,1,89.0,75.40376106194691,64.0,83.0,3,1,0,76.13458702064896
365,296,18.0,0,78.0,64.0,75.2911111111111,90.0,2,0,0,72.43037037037037
366,297,16.0,0,63.0,64.0,81.0,81.0,1,0,1,69.33333333333333
367,298,18.0,1,59.0,76.0,63.0,93.0,3,0,0,66.0
368,299,16.0,0,89.0,83.0,79.0,94.0,0,1,0,83.66666666666667
369,300,17.0,1,63.0,94.0,96.0,77.0,2,1,0,84.33333333333333
370,302,18.0,0,75.42170022371364,65.0,65.0,98.0,3,1,1,68.4739000745712
371,303,18.0,1,98.0,75.0,77.0,87.46570796460178,2,1,1,83.33333333333333
372,304,16.0,1,96.0,71.0,87.0,93.0,2,1,0,84.66666666666667
373,305,18.0,0,77.0,75.40376106194691,86.0,91.0,2,1,0,79.46792035398231
374,306,18.0,1,58.0,80.0,76.0,83.0,1,1,0,71.33333333333333
375,307,16.0,0,91.0,63.0,52.0,96.0,1,1,0,68.66666666666667
376,308,18.0,1,75.42170022371364,67.0,96.0,87.46570796460178,1,0,0,79.4739000745712
377,309,18.0,1,88.0,97.0,52.0,96.0,0,1,1,79.0
378,310,18.0,1,68.0,62.0,75.0,83.0,2,1,1,68.33333333333333
379,311,18.0,0,94.0,62.0,94.0,89.0,2,1,0,83.33333333333333
380,313,18.0,0,75.42170022371364,65.0,78.0,87.46570796460178,2,0,0,72.80723340790455
381,314,18.0,1,69.0,63.0,55.0,96.0,2,1,0,62.333333333333336
382,315,17.0,0,88.0,65.0,50.0,76.0,0,0,0,67.66666666666667
383,316,17.0,0,97.0,72.0,76.0,85.0,2,0,1,81.66666666666667
384,317,18.0,1,91.0,56.0,58.0,88.0,0,0,0,68.33333333333333
385,318,18.0,1,75.42170022371364,55.0,65.0,96.0,3,1,1,65.14056674123788
386,319,17.0,1,65.0,92.0,55.0,90.0,1,1,0,70.66666666666667
387,320,18.0,0,57.0,50.0,75.2911111111111,99.0,1,0,0,60.7637037037037
388,321,18.0,1,90.0,84.0,60.0,87.46570796460178,0,0,0,78.0
389,322,16.0,1,83.0,80.0,86.0,76.0,1,1,1,83.0
390,324,18.0,0,50.0,70.0,51.0,88.0,1,1,0,57.0
391,325,18.0,1,70.0,86.0,79.0,85.0,0,1,1,78.33333333333333
392,326,17.0,0,86.0,81.0,95.0,87.46570796460178,0,0,1,87.33333333333333
393,327,18.0,1,84.0,98.0,100.0,77.0,3,0,0,94.0
394,328,18.0,0,98.0,67.0,90.0,100.0,1,0,1,85.0
395,329,18.0,1,99.0,98.0,90.0,87.46570796460178,1,1,0,95.66666666666667
396,330,18.0,1,75.42170022371364,53.0,75.2911111111111,97.0,2,1,0,67.90427044494157
397,331,18.0,1,50.0,77.0,74.0,77.0,2,1,0,67.0
398,332,17.0,0,52.0,84.0,71.0,81.0,3,0,1,69.0
399,333,18.0,0,100.0,75.40376106194691,68.0,84.0,0,0,0,81.13458702064896
400,336,17.0,1,68.0,93.0,67.0,87.46570796460178,0,1,0,76.0
401,337,16.0,1,82.0,79.0,89.0,75.0,1,1,1,83.33333333333333
402,338,18.0,0,77.0,94.0,100.0,100.0,0,0,1,90.33333333333333
403,339,18.0,1,55.0,70.0,93.0,87.46570796460178,0,1,1,72.66666666666667
404,340,16.0,1,84.0,50.0,75.2911111111111,85.0,3,1,1,69.7637037037037
405,341,17.0,1,67.0,74.0,97.0,82.0,2,1,1,79.33333333333333
406,342,18.0,0,75.42170022371364,70.0,82.0,82.0,2,0,0,75.80723340790455
407,343,17.0,0,75.42170022371364,66.0,93.0,76.0,2,0,1,78.14056674123788
408,344,17.0,1,59.0,66.0,53.0,91.0,3,1,1,59.333333333333336
409,345,17.0,0,75.0,80.0,73.0,77.0,1,1,1,76.0
410,347,16.0,1,98.0,71.0,52.0,94.0,3,0,0,73.66666666666667
411,348,16.0,0,93.0,81.0,61.0,78.0,1,0,0,78.33333333333333
412,349,17.0,1,69.0,76.0,95.0,93.0,3,0,1,80.0
413,350,18.0,1,96.0,73.0,75.2911111111111,76.0,3,1,1,81.43037037037037
414,351,16.0,0,65.0,75.0,63.0,87.0,1,1,0,67.66666666666667
415,352,18.0,1,75.42170022371364,61.0,71.0,97.0,0,0,0,69.14056674123788
416,353,18.0,1,75.42170022371364,86.0,57.0,87.46570796460178,2,1,0,72.80723340790455
417,354,17.0,0,79.0,56.0,97.0,100.0,0,1,0,77.33333333333333
418,355,18.0,0,53.0,65.0,87.0,84.0,2,1,0,68.33333333333333
419,356,18.0,1,97.0,74.0,94.0,88.0,1,0,1,88.33333333333333
420,358,18.0,0,61.0,97.0,97.0,87.46570796460178,1,0,1,85.0
421,359,17.0,0,95.0,50.0,70.0,92.0,0,1,0,71.66666666666667
422,360,17.0,0,50.0,81.0,67.0,87.46570796460178,3,0,0,66.0
423,361,16.0,1,72.0,90.0,77.0,87.0,3,1,1,79.66666666666667
424,362,16.0,0,100.0,96.0,54.0,87.46570796460178,1,0,0,83.33333333333333
425,363,18.0,1,66.0,81.0,78.0,82.0,0,1,1,75.0
426,364,17.0,0,58.0,85.0,83.0,100.0,3,1,0,75.33333333333333
427,365,17.0,1,67.0,53.0,80.0,75.0,3,1,0,66.66666666666667
428,366,18.0,1,57.0,94.0,93.0,89.0,3,0,0,81.33333333333333
429,367,16.0,0,51.0,63.0,68.0,94.0,3,1,1,60.666666666666664
430,369,17.0,1,77.0,80.0,73.0,85.0,2,1,0,76.66666666666667
431,370,16.0,1,54.0,56.0,94.0,96.0,0,1,0,68.0
432,371,18.0,0,86.0,71.0,54.0,89.0,0,1,0,70.33333333333333
433,372,17.0,0,81.0,73.0,79.0,93.0,1,1,1,77.66666666666667
434,373,18.0,1,73.0,66.0,75.2911111111111,78.0,0,0,1,71.43037037037037
435,374,18.0,0,75.42170022371364,76.0,61.0,87.46570796460178,0,0,0,70.80723340790455
436,375,18.0,0,60.0,93.0,54.0,93.0,1,0,1,69.0
437,376,18.0,1,66.0,62.0,67.0,81.0,3,0,0,65.0
438,377,18.0,1,86.0,91.0,59.0,79.0,2,0,1,78.66666666666667
439,378,17.0,1,57.0,61.0,63.0,83.0,2,0,1,60.333333333333336
440,380,18.0,0,82.0,68.0,90.0,90.0,0,0,1,80.0
441,381,18.0,1,75.42170022371364,93.0,75.2911111111111,89.0,2,0,1,81.2376037782749
442,382,18.0,0,50.0,99.0,93.0,79.0,2,0,1,80.66666666666667
443,383,17.0,1,80.0,55.0,58.0,76.0,1,0,1,64.33333333333333
444,384,18.0,1,59.0,68.0,76.0,93.0,0,1,0,67.66666666666667
445,385,18.0,1,52.0,59.0,91.0,95.0,0,0,1,67.33333333333333
446,386,17.0,1,95.0,90.0,75.2911111111111,84.0,1,0,1,86.7637037037037
447,387,18.0,0,76.0,71.0,51.0,92.0,0,0,0,66.0
448,388,18.0,0,65.0,89.0,64.0,79.0,2,0,0,72.66666666666667
449,389,16.0,0,96.0,54.0,83.0,94.0,1,1,1,77.66666666666667
450,391,18.0,0,54.0,75.40376106194691,76.0,86.0,0,0,0,68.46792035398231
451,392,17.0,0,57.0,70.0,91.0,91.0,2,1,1,72.66666666666667
452,393,18.0,1,53.0,68.0,70.0,96.0,0,1,0,63.666666666666664
453,394,18.0,1,83.0,88.0,92.0,82.0,2,0,0,87.66666666666667
454,395,18.0,0,75.0,67.0,85.0,92.0,1,1,1,75.66666666666667
455,396,16.0,0,75.42170022371364,99.0,69.0,88.0,0,1,0,81.14056674123788
456,397,17.0,1,68.0,73.0,100.0,81.0,0,0,1,80.33333333333333
457,398,17.0,0,69.0,83.0,100.0,81.0,1,0,0,84.0
458,399,17.0,0,85.0,76.0,80.0,85.0,1,1,0,80.33333333333333
459,400,18.0,1,73.0,51.0,68.0,90.0,2,1,0,64.0
460,402,17.0,0,86.0,65.0,53.0,89.0,2,0,0,68.0
461,403,17.0,0,97.0,97.0,68.0,85.0,2,0,0,87.33333333333333
462,404,16.0,0,79.0,55.0,60.0,93.0,1,1,1,64.66666666666667
463,405,18.0,0,81.0,75.0,60.0,94.0,2,1,1,72.0
464,406,18.0,0,99.0,54.0,68.0,85.0,0,1,0,73.66666666666667
465,407,18.0,0,84.0,80.0,61.0,89.0,3,0,1,75.0
466,408,18.0,1,65.0,51.0,94.0,76.0,2,1,0,70.0
467,409,18.0,0,76.0,83.0,100.0,75.0,2,0,0,86.33333333333333
468,410,16.0,0,75.42170022371364,55.0,65.0,97.0,1,0,0,65.14056674123788
469,411,17.0,0,90.0,89.0,70.0,94.0,1,1,0,83.0
470,413,18.0,0,50.0,91.0,78.0,90.0,2,0,1,73.0
471,414,18.0,1,50.0,74.0,61.0,85.0,0,0,0,61.666666666666664
472,415,16.0,0,74.0,65.0,95.0,87.0,2,0,1,78.0
473,416,18.0,1,96.0,78.0,75.2911111111111,80.0,0,0,1,83.09703703703703
474,417,18.0,0,63.0,58.0,72.0,75.0,2,0,0,64.33333333333333
475,418,16.0,1,65.0,60.0,78.0,77.0,1,0,1,67.66666666666667
476,419,18.0,0,53.0,75.40376106194691,60.0,92.0,1,0,0,62.801253687315636
477,420,18.0,0,59.0,70.0,57.0,84.0,3,1,0,62.0
478,421,18.0,1,55.0,79.0,75.0,95.0,2,1,1,69.66666666666667
479,422,18.0,1,75.42170022371364,84.0,99.0,99.0,0,0,1,86.14056674123788
480,424,17.0,0,83.0,85.0,79.0,75.0,3,1,0,82.33333333333333
481,425,18.0,0,73.0,94.0,59.0,84.0,0,0,1,75.33333333333333
482,426,17.0,0,97.0,87.0,75.2911111111111,83.0,2,0,1,86.43037037037037
483,427,18.0,0,75.42170022371364,90.0,82.0,85.0,2,0,0,82.4739000745712
484,428,18.0,0,75.42170022371364,86.0,95.0,82.0,0,0,1,85.4739000745712
485,429,18.0,1,75.0,90.0,68.0,75.0,3,1,1,77.66666666666667
486,430,16.0,0,75.42170022371364,69.0,98.0,83.0,0,1,1,80.80723340790455
487,431,18.0,0,77.0,80.0,86.0,75.0,3,0,0,81.0
488,432,18.0,0,58.0,55.0,86.0,79.0,0,1,0,66.33333333333333
489,433,18.0,1,66.0,73.0,78.0,100.0,3,0,1,72.33333333333333
490,435,17.0,0,75.0,59.0,57.0,85.0,2,1,1,63.666666666666664
491,436,18.0,0,97.0,50.0,52.0,84.0,0,0,0,66.33333333333333
492,437,17.0,0,78.0,98.0,85.0,86.0,3,1,1,87.0
493,438,16.0,1,54.0,72.0,51.0,96.0,1,0,1,59.0
494,439,18.0,1,58.0,84.0,64.0,91.0,3,0,0,68.66666666666667
495,440,16.0,0,87.0,75.40376106194691,55.0,94.0,0,0,1,72.46792035398231
496,441,16.0,0,56.0,98.0,88.0,97.0,3,1,0,80.66666666666667
497,442,18.0,1,79.0,50.0,87.0,87.46570796460178,0,0,1,72.0
498,443,17.0,1,57.0,68.0,100.0,79.0,0,1,1,75.0
499,444,18.0,1,99.0,100.0,67.0,81.0,0,0,0,88.66666666666667
500,447,17.0,0,69.0,75.40376106194691,55.0,97.0,3,1,0,66.46792035398231
501,448,16.0,1,57.0,76.0,78.0,94.0,0,1,0,70.33333333333333
502,449,18.0,1,75.42170022371364,77.0,55.0,95.0,2,0,0,69.14056674123788
503,450,18.0,1,69.0,60.0,75.0,76.0,1,1,0,68.0
504,451,18.0,1,94.0,91.0,70.0,93.0,2,1,0,85.0
505,452,17.0,0,63.0,74.0,82.0,92.0,0,0,0,73.0
506,453,18.0,0,70.0,55.0,92.0,79.0,0,0,1,72.33333333333333
507,454,18.0,0,95.0,65.0,59.0,76.0,3,1,1,73.0
508,455,18.0,1,72.0,89.0,77.0,83.0,0,0,1,79.33333333333333
509,456,18.0,1,53.0,93.0,73.0,91.0,1,0,1,73.0
510,458,18.0,0,66.0,91.0,75.2911111111111,90.0,0,1,1,77.43037037037037
511,459,18.0,0,61.0,67.0,69.0,77.0,1,1,0,65.66666666666667
512,460,18.0,0,75.42170022371364,54.0,85.0,100.0,3,0,1,71.4739000745712
513,461,16.0,0,78.0,68.0,75.2911111111111,77.0,0,1,0,73.7637037037037
514,462,18.0,1,85.0,79.0,78.0,87.0,3,0,1,80.66666666666667
515,463,16.0,1,79.0,67.0,76.0,95.0,3,0,1,74.0
516,464,16.0,0,100.0,81.0,68.0,86.0,1,1,0,83.0
517,465,18.0,0,50.0,51.0,96.0,89.0,0,1,0,65.66666666666667
518,466,17.0,0,75.42170022371364,84.0,77.0,97.0,1,0,0,78.80723340790455
519,467,16.0,0,64.0,75.40376106194691,76.0,97.0,1,1,0,71.80125368731564
520,469,16.0,1,75.0,68.0,87.0,90.0,3,1,1,76.66666666666667
521,470,16.0,1,90.0,95.0,59.0,93.0,3,0,1,81.33333333333333
522,471,17.0,1,55.0,50.0,80.0,100.0,1,1,1,61.666666666666664
523,472,17.0,1,66.0,59.0,83.0,76.0,1,0,1,69.33333333333333
524,473,16.0,0,54.0,75.40376106194691,54.0,81.0,1,1,1,61.13458702064897
525,474,17.0,0,75.42170022371364,76.0,87.0,82.0,1,1,1,79.4739000745712
526,475,17.0,1,75.42170022371364,81.0,55.0,84.0,0,0,1,70.4739000745712
527,476,17.0,0,78.0,79.0,75.2911111111111,87.0,0,0,1,77.43037037037037
528,477,18.0,0,55.0,52.0,67.0,86.0,1,1,1,58.0
529,478,16.0,0,71.0,98.0,85.0,77.0,2,0,0,84.66666666666667
530,480,17.0,1,79.0,53.0,86.0,77.0,0,0,1,72.66666666666667
531,481,18.0,0,75.42170022371364,75.0,58.0,91.0,1,0,0,69.4739000745712
532,482,18.0,0,77.0,75.40376106194691,74.0,93.0,1,1,1,75.46792035398231
533,483,18.0,1,75.0,62.0,81.0,87.46570796460178,1,0,1,72.66666666666667
534,484,17.0,1,74.0,66.0,75.2911111111111,85.0,2,0,1,71.7637037037037
535,485,16.0,1,61.0,50.0,87.0,89.0,1,0,0,66.0
536,486,17.0,1,61.0,99.0,85.0,86.0,0,1,0,81.66666666666667
537,487,18.0,0,78.0,74.0,64.0,85.0,0,0,0,72.0
538,488,16.0,1,52.0,78.0,75.2911111111111,75.0,3,0,0,68.43037037037037
539,489,16.0,0,89.0,52.0,75.2911111111111,82.0,3,1,0,72.09703703703703
540,491,18.0,1,68.0,97.0,90.0,77.0,0,1,1,85.0
541,492,18.0,0,85.0,83.0,80.0,77.0,2,0,1,82.66666666666667
542,493,18.0,0,55.0,63.0,92.0,91.0,2,1,0,70.0
543,494,17.0,1,58.0,93.0,76.0,95.0,3,0,0,75.66666666666667
544,495,16.0,0,91.0,70.0,94.0,87.46570796460178,0,1,0,85.0
545,496,17.0,0,83.0,96.0,51.0,82.0,0,0,0,76.66666666666667
546,497,16.0,1,84.0,75.40376106194691,67.0,87.46570796460178,1,0,0,75.46792035398231
547,498,18.0,1,74.0,83.0,54.0,87.46570796460178,2,1,0,70.33333333333333
548,499,16.0,0,72.0,80.0,73.0,87.46570796460178,1,0,0,75.0
549,500,16.0,1,100.0,62.0,86.0,81.0,1,0,1,82.66666666666667
550,502,18.0,1,86.0,53.0,66.0,83.0,1,1,1,68.33333333333333
551,503,18.0,1,74.0,63.0,80.0,99.0,1,0,1,72.33333333333333
552,504,18.0,1,51.0,65.0,57.0,83.0,2,0,0,57.666666666666664
553,505,16.0,1,64.0,70.0,96.0,94.0,1,1,1,76.66666666666667
554,506,18.0,0,75.42170022371364,75.40376106194691,66.0,99.0,3,1,0,72.27515376188684
555,507,16.0,1,67.0,87.0,53.0,92.0,0,0,0,69.0
556,508,18.0,0,75.42170022371364,100.0,79.0,75.0,1,0,0,84.80723340790455
557,509,18.0,0,83.0,52.0,58.0,84.0,0,0,0,64.33333333333333
558,510,16.0,0,87.0,94.0,53.0,100.0,1,0,1,78.0
559,511,18.0,1,60.0,88.0,76.0,87.0,0,0,0,74.66666666666667
560,513,18.0,1,92.0,99.0,72.0,99.0,3,0,0,87.66666666666667
561,514,18.0,1,84.0,75.40376106194691,75.2911111111111,90.0,3,0,1,78.231624057686
562,515,17.0,0,97.0,55.0,90.0,99.0,0,0,1,80.66666666666667
563,516,18.0,0,75.42170022371364,71.0,82.0,87.0,2,0,0,76.14056674123788
564,517,17.0,0,64.0,98.0,90.0,98.0,2,0,0,84.0
565,518,18.0,0,74.0,53.0,56.0,90.0,0,1,0,61.0
566,519,18.0,0,61.0,59.0,60.0,93.0,3,1,0,60.0
567,520,18.0,1,87.0,100.0,70.0,99.0,1,0,1,85.66666666666667
568,521,18.0,1,97.0,81.0,93.0,89.0,3,1,1,90.33333333333333
569,522,18.0,0,87.0,85.0,67.0,77.0,0,1,0,79.66666666666667
570,524,18.0,1,75.42170022371364,98.0,94.0,81.0,1,0,0,89.14056674123788
571,525,17.0,0,86.0,78.0,84.0,97.0,0,1,1,82.66666666666667
572,526,16.0,0,86.0,51.0,59.0,89.0,1,0,1,65.33333333333333
573,527,18.0,0,81.0,72.0,75.2911111111111,92.0,2,1,1,76.09703703703703
574,528,18.0,1,61.0,66.0,73.0,87.46570796460178,2,0,0,66.66666666666667
575,529,17.0,1,55.0,81.0,76.0,79.0,1,1,0,70.66666666666667
576,530,18.0,1,75.42170022371364,85.0,60.0,98.0,2,0,1,73.4739000745712
577,531,18.0,0,51.0,94.0,59.0,87.46570796460178,1,1,1,68.0
578,532,18.0,1,50.0,86.0,62.0,86.0,2,0,0,66.0
579,533,16.0,1,89.0,72.0,85.0,88.0,1,1,0,82.0
580,535,18.0,1,58.0,79.0,83.0,99.0,1,0,1,73.33333333333333
581,536,18.0,0,61.0,88.0,95.0,99.0,0,0,0,81.33333333333333
582,537,17.0,1,70.0,85.0,98.0,84.0,0,1,0,84.33333333333333
583,538,18.0,1,75.42170022371364,83.0,76.0,75.0,3,1,1,78.14056674123788
584,539,17.0,0,95.0,68.0,54.0,76.0,2,1,0,72.33333333333333
585,540,18.0,1,99.0,84.0,58.0,79.0,0,0,1,80.33333333333333
586,541,18.0,0,83.0,50.0,80.0,85.0,3,1,0,71.0
587,542,18.0,0,54.0,82.0,94.0,100.0,0,0,0,76.66666666666667
588,543,18.0,1,92.0,61.0,78.0,94.0,2,1,0,77.0
589,544,18.0,0,56.0,89.0,88.0,87.0,2,0,1,77.66666666666667
590,546,16.0,1,70.0,99.0,71.0,81.0,2,0,0,80.0
591,547,17.0,0,60.0,70.0,69.0,77.0,1,0,0,66.33333333333333
592,548,16.0,1,77.0,92.0,75.2911111111111,81.0,2,1,1,81.43037037037037
593,549,17.0,0,81.0,74.0,64.0,85.0,3,1,1,73.0
594,550,18.0,1,61.0,93.0,94.0,89.0,2,1,0,82.66666666666667
595,551,18.0,1,85.0,85.0,64.0,84.0,2,1,0,78.0
596,552,17.0,1,89.0,68.0,63.0,87.46570796460178,1,1,0,73.33333333333333
597,553,18.0,1,64.0,91.0,55.0,92.0,1,0,1,70.0
598,554,18.0,0,61.0,56.0,98.0,97.0,0,1,0,71.66666666666667
599,555,18.0,1,96.0,54.0,54.0,75.0,0,1,1,68.0
600,558,16.0,1,58.0,75.40376106194691,75.2911111111111,77.0,2,1,1,69.56495739101933
601,559,16.0,1,50.0,61.0,77.0,87.0,0,0,0,62.666666666666664
602,560,18.0,1,86.0,62.0,75.2911111111111,82.0,3,0,1,74.43037037037037
603,561,17.0,0,99.0,62.0,100.0,91.0,3,1,1,87.0
604,562,18.0,1,52.0,75.40376106194691,87.0,87.46570796460178,3,0,1,71.46792035398231
605,563,17.0,0,70.0,74.0,75.2911111111111,87.46570796460178,1,1,1,73.09703703703703
606,564,18.0,1,89.0,83.0,66.0,80.0,1,1,1,79.33333333333333
607,565,18.0,0,86.0,87.0,75.2911111111111,88.0,3,1,0,82.7637037037037
608,566,18.0,0,81.0,73.0,50.0,78.0,2,1,1,68.0
609,567,18.0,0,97.0,95.0,100.0,88.0,0,1,1,97.33333333333333
610,569,18.0,0,75.42170022371364,75.40376106194691,88.0,77.0,1,1,0,79.60848709522018
611,570,18.0,1,70.0,63.0,62.0,81.0,2,1,1,65.0
612,571,18.0,0,55.0,55.0,72.0,81.0,0,1,0,60.666666666666664
613,572,18.0,0,92.0,90.0,75.2911111111111,97.0,0,1,1,85.7637037037037
614,573,18.0,0,71.0,75.40376106194691,97.0,80.0,3,1,0,81.13458702064896
615,574,18.0,1,66.0,76.0,87.0,84.0,2,0,1,76.33333333333333
616,575,18.0,1,94.0,100.0,60.0,91.0,2,1,1,84.66666666666667
617,576,17.0,1,75.42170022371364,89.0,99.0,89.0,3,0,0,87.80723340790455
618,577,16.0,0,56.0,52.0,65.0,75.0,3,0,0,57.666666666666664
619,578,17.0,0,53.0,69.0,54.0,89.0,3,1,1,58.666666666666664
620,580,18.0,0,96.0,75.40376106194691,75.2911111111111,87.46570796460178,3,1,0,82.231624057686
621,581,16.0,0,60.0,83.0,50.0,100.0,2,0,1,64.33333333333333
622,582,17.0,1,81.0,75.40376106194691,95.0,85.0,0,0,0,83.80125368731564
623,583,17.0,0,72.0,84.0,68.0,90.0,0,0,0,74.66666666666667
624,584,17.0,1,56.0,62.0,98.0,93.0,3,1,1,72.0
625,585,18.0,0,100.0,65.0,96.0,87.46570796460178,3,1,1,87.0
626,586,18.0,0,91.0,61.0,75.2911111111111,87.46570796460178,3,0,1,75.7637037037037
627,587,18.0,0,64.0,85.0,82.0,89.0,3,0,1,77.0
628,588,16.0,0,54.0,56.0,80.0,97.0,0,1,0,63.333333333333336
629,589,17.0,1,52.0,86.0,87.0,87.0,3,0,1,75.0
630,591,18.0,0,70.0,79.0,93.0,100.0,1,1,1,80.66666666666667
631,592,17.0,1,56.0,77.0,61.0,88.0,3,1,0,64.66666666666667
632,593,18.0,0,75.42170022371364,60.0,74.0,94.0,0,1,1,69.80723340790455
633,594,17.0,1,74.0,85.0,82.0,89.0,1,1,0,80.33333333333333
634,595,18.0,0,54.0,71.0,57.0,96.0,0,1,1,60.666666666666664
635,596,16.0,1,55.0,84.0,70.0,93.0,2,1,0,69.66666666666667
636,597,17.0,0,89.0,78.0,57.0,87.46570796460178,1,1,1,74.66666666666667
637,598,18.0,0,95.0,70.0,81.0,76.0,0,0,1,82.0
638,599,16.0,1,75.42170022371364,70.0,95.0,80.0,1,0,0,80.14056674123788
639,600,16.0,1,60.0,76.0,96.0,95.0,2,0,0,77.33333333333333
640,602,18.0,1,77.0,77.0,75.2911111111111,96.0,3,0,0,76.43037037037037
641,603,17.0,1,56.0,70.0,57.0,97.0,0,1,1,61.0
642,604,18.0,0,62.0,86.0,79.0,81.0,1,0,0,75.66666666666667
643,605,16.0,0,85.0,74.0,69.0,88.0,1,0,0,76.0
644,606,16.0,0,96.0,97.0,78.0,92.0,2,0,1,90.33333333333333
645,607,18.0,1,92.0,78.0,76.0,86.0,2,0,0,82.0
646,608,18.0,1,65.0,75.0,77.0,87.46570796460178,0,0,1,72.33333333333333
647,609,18.0,0,75.42170022371364,75.40376106194691,54.0,99.0,2,1,1,68.27515376188684
648,610,18.0,0,85.0,75.40376106194691,80.0,88.0,3,0,1,80.13458702064896
649,611,18.0,1,59.0,51.0,73.0,83.0,0,0,1,61.0
650,613,17.0,1,75.42170022371364,69.0,93.0,76.0,3,0,1,79.14056674123788
651,614,16.0,0,75.42170022371364,75.40376106194691,56.0,77.0,0,1,1,68.94182042855351
652,615,18.0,0,75.42170022371364,63.0,83.0,96.0,0,1,0,73.80723340790455
653,616,18.0,0,90.0,51.0,55.0,87.0,0,0,1,65.33333333333333
654,617,16.0,0,62.0,94.0,75.0,87.0,1,0,1,77.0
655,618,16.0,0,75.42170022371364,85.0,87.0,87.0,0,1,1,82.4739000745712
656,619,18.0,1,90.0,86.0,97.0,87.46570796460178,1,0,1,91.0
657,620,18.0,1,55.0,59.0,60.0,97.0,0,1,0,58.0
658,621,16.0,0,57.0,75.40376106194691,75.2911111111111,85.0,3,0,0,69.231624057686
659,622,16.0,0,75.0,59.0,71.0,89.0,1,1,1,68.33333333333333
660,624,17.0,1,92.0,73.0,75.0,77.0,3,0,1,80.0
661,625,17.0,1,91.0,65.0,77.0,87.46570796460178,2,1,0,77.66666666666667
662,626,18.0,0,61.0,69.0,67.0,97.0,1,0,1,65.66666666666667
663,627,16.0,1,74.0,75.40376106194691,99.0,79.0,1,1,1,82.80125368731564
664,628,17.0,1,78.0,63.0,67.0,83.0,1,0,0,69.33333333333333
665,629,16.0,0,75.42170022371364,96.0,91.0,80.0,3,0,1,87.4739000745712
666,630,18.0,0,66.0,80.0,72.0,94.0,0,0,0,72.66666666666667
667,631,17.0,0,67.0,94.0,88.0,84.0,1,1,0,83.0
668,632,18.0,0,59.0,56.0,81.0,98.0,0,1,1,65.33333333333333
669,633,18.0,1,92.0,69.0,59.0,77.0,2,0,0,73.33333333333333
670,635,18.0,1,75.42170022371364,75.40376106194691,56.0,75.0,0,1,1,68.94182042855351
671,636,18.0,0,84.0,74.0,81.0,79.0,1,0,0,79.66666666666667
672,637,18.0,1,98.0,75.40376106194691,90.0,80.0,0,0,0,87.80125368731564
673,638,18.0,0,85.0,75.40376106194691,51.0,76.0,1,1,1,70.46792035398231
674,639,16.0,0,75.42170022371364,72.0,75.2911111111111,92.0,1,1,1,74.2376037782749
675,640,16.0,0,83.0,77.0,75.2911111111111,97.0,3,1,0,78.43037037037037
676,641,17.0,0,84.0,57.0,75.2911111111111,87.46570796460178,0,0,1,72.09703703703703
677,642,17.0,1,80.0,64.0,61.0,91.0,0,0,1,68.33333333333333
678,643,18.0,0,65.0,88.0,93.0,97.0,3,0,0,82.0
679,644,16.0,1,55.0,90.0,69.0,78.0,0,1,0,71.33333333333333
680,646,17.0,1,95.0,74.0,56.0,84.0,2,0,0,75.0
681,647,17.0,0,75.42170022371364,75.40376106194691,92.0,94.0,3,0,0,80.94182042855351
682,648,17.0,0,83.0,70.0,99.0,87.46570796460178,3,0,1,84.0
683,649,16.0,1,93.0,59.0,79.0,99.0,2,1,0,77.0
684,650,17.0,0,59.0,94.0,92.0,82.0,3,0,0,81.66666666666667
685,651,16.0,0,98.0,53.0,82.0,82.0,1,0,0,77.66666666666667
686,652,18.0,0,60.0,75.0,71.0,75.0,2,0,0,68.66666666666667
687,653,18.0,1,62.0,98.0,84.0,75.0,1,1,0,81.33333333333333
688,654,18.0,1,77.0,82.0,98.0,81.0,0,0,1,85.66666666666667
689,655,18.0,1,75.42170022371364,75.40376106194691,75.2911111111111,77.0,1,1,1,75.37219079892388
690,657,16.0,0,62.0,100.0,57.0,78.0,1,0,0,73.0
691,658,17.0,0,90.0,58.0,70.0,96.0,0,0,1,72.66666666666667
692,659,18.0,0,88.0,80.0,78.0,80.0,0,0,1,82.0
693,660,18.0,0,96.0,53.0,52.0,87.46570796460178,1,1,0,67.0
694,661,18.0,1,54.0,66.0,92.0,85.0,3,1,0,70.66666666666667
695,662,16.0,1,75.42170022371364,75.40376106194691,69.0,95.0,3,1,0,73.27515376188684
696,663,17.0,0,85.0,99.0,60.0,81.0,3,1,1,81.33333333333333
697,664,18.0,1,67.0,98.0,58.0,87.0,2,1,0,74.33333333333333
698,665,17.0,1,50.0,85.0,74.0,78.0,2,1,0,69.66666666666667
699,666,18.0,1,89.0,75.0,57.0,78.0,0,1,1,73.66666666666667
700,669,16.0,1,100.0,62.0,81.0,80.0,3,0,1,81.0
701,670,17.0,0,76.0,97.0,93.0,87.46570796460178,0,0,0,88.66666666666667
702,671,17.0,0,86.0,65.0,80.0,75.0,2,0,1,77.0
703,672,18.0,0,98.0,75.40376106194691,60.0,89.0,1,1,0,77.80125368731564
704,673,17.0,1,56.0,70.0,75.0,96.0,3,1,0,67.0
705,674,16.0,1,86.0,86.0,87.0,95.0,0,1,1,86.33333333333333
706,675,16.0,0,100.0,75.40376106194691,89.0,76.0,0,1,1,88.13458702064896
707,676,17.0,0,84.0,77.0,99.0,87.46570796460178,3,0,1,86.66666666666667
708,677,18.0,1,76.0,62.0,70.0,84.0,1,0,0,69.33333333333333
709,678,18.0,0,91.0,88.0,75.2911111111111,90.0,0,1,1,84.7637037037037
710,680,18.0,0,88.0,99.0,58.0,78.0,3,1,0,81.66666666666667
711,681,16.0,0,61.0,72.0,72.0,100.0,0,0,0,68.33333333333333
712,682,18.0,0,59.0,78.0,87.0,93.0,1,1,0,74.66666666666667
713,683,18.0,0,93.0,78.0,75.2911111111111,78.0,3,1,0,82.09703703703703
714,684,18.0,0,52.0,75.40376106194691,71.0,95.0,3,1,1,66.13458702064896
715,685,18.0,1,71.0,62.0,77.0,96.0,2,0,0,70.0
716,686,18.0,0,53.0,59.0,72.0,99.0,3,0,1,61.333333333333336
717,687,18.0,0,67.0,55.0,53.0,85.0,3,1,0,58.333333333333336
718,688,16.0,1,51.0,53.0,65.0,99.0,0,1,1,56.333333333333336
719,689,16.0,0,100.0,89.0,69.0,85.0,1,0,1,86.0
720,691,18.0,0,67.0,68.0,94.0,96.0,2,1,0,76.33333333333333
721,692,18.0,1,94.0,75.40376106194691,75.2911111111111,85.0,3,0,0,81.56495739101933
722,693,18.0,0,64.0,57.0,71.0,87.46570796460178,0,0,0,64.0
723,694,16.0,0,97.0,80.0,84.0,89.0,2,1,0,87.0
724,695,16.0,1,70.0,75.40376106194691,79.0,95.0,1,1,1,74.80125368731564
725,696,17.0,1,76.0,84.0,77.0,91.0,1,1,1,79.0
726,697,16.0,0,55.0,84.0,76.0,75.0,1,0,0,71.66666666666667
727,698,18.0,1,63.0,66.0,94.0,94.0,2,0,0,74.33333333333333
728,699,16.0,0,76.0,89.0,51.0,78.0,2,0,1,72.0
729,700,17.0,1,98.0,59.0,74.0,98.0,1,0,0,77.0
730,702,18.0,1,73.0,92.0,70.0,82.0,0,1,1,78.33333333333333
731,703,18.0,1,82.0,75.40376106194691,81.0,76.0,2,1,1,79.46792035398231
732,704,18.0,1,54.0,92.0,93.0,90.0,0,1,0,79.66666666666667
733,705,17.0,1,82.0,66.0,81.0,79.0,1,0,0,76.33333333333333
734,706,18.0,1,99.0,68.0,98.0,95.0,1,1,0,88.33333333333333
735,707,18.0,0,86.0,94.0,60.0,87.46570796460178,0,1,0,80.0
736,708,16.0,0,75.42170022371364,53.0,73.0,94.0,1,1,0,67.14056674123788
737,709,18.0,0,62.0,50.0,62.0,89.0,2,1,1,58.0
738,710,18.0,1,65.0,75.40376106194691,100.0,85.0,0,1,0,80.13458702064896
739,711,18.0,0,75.42170022371364,92.0,75.2911111111111,85.0,0,1,0,80.90427044494157
740,713,18.0,1,75.42170022371364,92.0,63.0,99.0,1,1,0,76.80723340790455
741,714,18.0,0,62.0,56.0,53.0,87.46570796460178,0,1,0,57.0
742,715,16.0,0,79.0,75.40376106194691,86.0,88.0,2,0,0,80.13458702064896
743,716,17.0,1,90.0,91.0,64.0,84.0,1,0,0,81.66666666666667
744,717,18.0,1,93.0,74.0,55.0,82.0,1,1,1,74.0
745,718,18.0,1,75.42170022371364,95.0,87.0,85.0,3,0,1,85.80723340790455
746,719,18.0,0,88.0,75.40376106194691,75.2911111111111,81.0,1,1,1,79.56495739101933
747,720,18.0,0,80.0,88.0,54.0,96.0,1,0,0,74.0
748,721,18.0,0,72.0,61.0,83.0,100.0,2,1,0,72.0
749,722,16.0,0,66.0,79.0,63.0,98.0,1,1,0,69.33333333333333
750,724,18.0,1,94.0,95.0,54.0,87.0,2,0,0,81.0
751,725,16.0,0,75.42170022371364,75.40376106194691,69.0,80.0,1,0,1,73.27515376188684
752,726,18.0,0,75.42170022371364,83.0,69.0,75.0,2,0,1,75.80723340790455
753,727,18.0,0,75.42170022371364,81.0,84.0,87.46570796460178,2,1,1,80.14056674123788
754,728,18.0,0,99.0,60.0,76.0,81.0,3,1,0,78.33333333333333
755,729,16.0,0,64.0,75.40376106194691,89.0,87.46570796460178,0,0,1,76.13458702064896
756,730,18.0,1,93.0,72.0,92.0,81.0,2,0,1,85.66666666666667
757,731,16.0,1,91.0,65.0,61.0,80.0,3,0,1,72.33333333333333
758,732,18.0,0,51.0,82.0,90.0,100.0,2,1,0,74.33333333333333
759,733,18.0,0,99.0,53.0,61.0,82.0,0,1,1,71.0
760,735,16.0,1,80.0,74.0,63.0,88.0,1,1,1,72.33333333333333
761,736,17.0,0,91.0,51.0,97.0,84.0,2,0,0,79.66666666666667
762,737,18.0,0,50.0,67.0,67.0,81.0,3,1,1,61.333333333333336
763,738,18.0,1,88.0,71.0,84.0,80.0,1,1,0,81.0
764,739,18.0,0,69.0,92.0,99.0,84.0,0,0,0,86.66666666666667
765,740,16.0,0,95.0,96.0,86.0,89.0,1,1,0,92.33333333333333
766,741,17.0,0,77.0,93.0,53.0,81.0,3,1,1,74.33333333333333
767,742,18.0,0,72.0,90.0,73.0,100.0,3,0,0,78.33333333333333
768,743,17.0,0,63.0,76.0,65.0,86.0,1,1,1,68.0
769,744,18.0,0,93.0,59.0,93.0,80.0,2,1,1,81.66666666666667
770,746,18.0,1,89.0,69.0,77.0,88.0,0,0,1,78.33333333333333
771,747,18.0,0,56.0,71.0,54.0,98.0,0,0,1,60.333333333333336
772,748,16.0,0,75.42170022371364,58.0,76.0,79.0,3,0,0,69.80723340790455
773,749,16.0,0,73.0,58.0,68.0,100.0,1,0,0,66.33333333333333
774,750,17.0,1,88.0,93.0,66.0,99.0,1,1,1,82.33333333333333
775,751,17.0,0,69.0,58.0,65.0,77.0,0,1,1,64.0
776,752,18.0,1,80.0,95.0,57.0,84.0,0,0,1,77.33333333333333
777,753,16.0,0,75.42170022371364,58.0,51.0,79.0,0,1,1,61.47390007457121
778,754,18.0,1,90.0,99.0,69.0,80.0,0,1,0,86.0
779,755,16.0,0,67.0,86.0,85.0,89.0,2,0,1,79.33333333333333
780,757,17.0,0,95.0,70.0,77.0,84.0,3,0,1,80.66666666666667
781,758,16.0,0,91.0,75.40376106194691,52.0,94.0,0,1,1,72.80125368731564
782,759,18.0,0,59.0,96.0,67.0,85.0,2,1,0,74.0
783,760,16.0,1,65.0,70.0,66.0,90.0,2,0,1,67.0
784,761,17.0,1,88.0,59.0,67.0,81.0,2,0,0,71.33333333333333
785,762,18.0,0,70.0,98.0,61.0,87.46570796460178,3,1,1,76.33333333333333
786,763,18.0,0,96.0,76.0,52.0,98.0,1,1,0,74.66666666666667
787,764,18.0,1,75.42170022371364,69.0,81.0,90.0,3,0,1,75.14056674123788
788,765,18.0,1,68.0,90.0,53.0,88.0,0,0,0,70.33333333333333
789,766,18.0,1,76.0,67.0,55.0,98.0,0,0,0,66.0
790,768,18.0,1,97.0,62.0,69.0,90.0,1,1,1,76.0
791,769,17.0,1,75.42170022371364,61.0,76.0,93.0,0,0,0,70.80723340790455
792,770,18.0,1,86.0,75.40376106194691,92.0,87.46570796460178,3,1,0,84.46792035398231
793,771,17.0,1,71.0,89.0,55.0,78.0,1,1,0,71.66666666666667
794,772,18.0,1,64.0,86.0,96.0,93.0,1,1,1,82.0
795,773,17.0,1,90.0,88.0,65.0,99.0,0,0,1,81.0
796,774,17.0,0,92.0,93.0,97.0,83.0,2,1,0,94.0
797,775,16.0,0,69.0,75.40376106194691,57.0,99.0,1,1,1,67.13458702064896
798,776,18.0,0,92.0,75.40376106194691,87.0,91.0,3,0,0,84.80125368731564
799,777,18.0,1,61.0,58.0,83.0,95.0,1,1,1,67.33333333333333
800,780,18.0,1,80.0,88.0,55.0,97.0,3,1,0,74.33333333333333
801,781,18.0,1,66.0,91.0,57.0,87.46570796460178,2,0,0,71.33333333333333
802,782,16.0,1,85.0,74.0,70.0,88.0,0,1,0,76.33333333333333
803,783,18.0,0,61.0,58.0,87.0,82.0,2,0,0,68.66666666666667
804,784,18.0,0,71.0,64.0,97.0,86.0,0,1,0,77.33333333333333
805,785,18.0,0,64.0,75.40376106194691,77.0,96.0,1,0,1,72.13458702064896
806,786,17.0,1,97.0,50.0,56.0,87.46570796460178,2,1,0,67.66666666666667
807,787,18.0,0,76.0,76.0,67.0,79.0,2,0,0,73.0
808,788,18.0,0,71.0,92.0,66.0,89.0,2,1,1,76.33333333333333
809,789,18.0,0,87.0,98.0,53.0,79.0,1,1,1,79.33333333333333
810,791,18.0,1,57.0,61.0,73.0,94.0,1,1,1,63.666666666666664
811,792,18.0,1,90.0,78.0,57.0,96.0,0,0,1,75.0
812,793,18.0,1,89.0,81.0,77.0,75.0,3,1,0,82.33333333333333
813,794,18.0,1,75.42170022371364,79.0,65.0,77.0,2,0,0,73.14056674123788
814,795,17.0,1,82.0,77.0,100.0,87.0,3,0,0,86.33333333333333
815,796,17.0,0,93.0,52.0,73.0,93.0,2,0,1,72.66666666666667
816,797,18.0,1,69.0,74.0,73.0,77.0,3,0,0,72.0
817,798,17.0,1,59.0,75.0,51.0,81.0,0,1,1,61.666666666666664
818,799,18.0,0,62.0,97.0,88.0,80.0,1,1,1,82.33333333333333
819,800,16.0,0,86.0,84.0,75.2911111111111,83.0,3,1,1,81.7637037037037
820,802,18.0,1,79.0,95.0,53.0,91.0,1,1,0,75.66666666666667
821,803,18.0,0,95.0,83.0,100.0,96.0,2,1,1,92.66666666666667
822,804,18.0,1,55.0,79.0,66.0,93.0,2,0,1,66.66666666666667
823,805,18.0,1,90.0,52.0,69.0,88.0,3,1,1,70.33333333333333
824,806,17.0,0,70.0,65.0,94.0,98.0,3,0,0,76.33333333333333
825,807,18.0,1,50.0,75.0,93.0,78.0,0,1,0,72.66666666666667
826,808,16.0,0,63.0,52.0,65.0,99.0,3,0,1,60.0
827,809,17.0,0,60.0,83.0,74.0,79.0,2,0,0,72.33333333333333
828,810,18.0,0,60.0,53.0,75.2911111111111,81.0,2,1,0,62.7637037037037
829,811,16.0,0,98.0,78.0,66.0,87.0,2,0,1,80.66666666666667
830,813,18.0,1,58.0,69.0,98.0,75.0,1,0,0,75.0
831,814,16.0,0,90.0,68.0,63.0,90.0,3,1,1,73.66666666666667
832,815,18.0,0,77.0,77.0,60.0,87.46570796460178,3,1,0,71.33333333333333
833,816,16.0,1,74.0,53.0,90.0,87.46570796460178,2,0,0,72.33333333333333
834,817,17.0,1,75.42170022371364,59.0,99.0,91.0,1,1,0,77.80723340790455
835,818,18.0,0,96.0,91.0,100.0,84.0,1,0,0,95.66666666666667
836,819,17.0,1,50.0,96.0,75.2911111111111,80.0,0,0,1,73.7637037037037
837,820,16.0,0,98.0,61.0,99.0,80.0,1,1,0,86.0
838,821,18.0,0,62.0,94.0,80.0,81.0,0,0,0,78.66666666666667
839,822,18.0,1,75.42170022371364,75.0,71.0,91.0,1,0,1,73.80723340790455
840,824,18.0,1,75.42170022371364,78.0,56.0,89.0,2,1,1,69.80723340790455
841,825,18.0,0,64.0,75.40376106194691,94.0,81.0,3,1,0,77.80125368731564
842,826,16.0,0,72.0,95.0,54.0,76.0,0,1,1,73.66666666666667
843,827,18.0,1,56.0,79.0,88.0,100.0,3,1,0,74.33333333333333
844,828,18.0,1,87.0,75.40376106194691,85.0,83.0,1,1,1,82.46792035398231
845,829,18.0,0,54.0,91.0,79.0,88.0,0,1,0,74.66666666666667
846,830,18.0,0,69.0,100.0,98.0,94.0,3,0,1,89.0
847,831,16.0,0,79.0,96.0,75.2911111111111,95.0,3,1,0,83.43037037037037
848,832,16.0,1,88.0,57.0,90.0,84.0,1,1,1,78.33333333333333
849,833,17.0,0,77.0,90.0,91.0,87.46570796460178,2,1,1,86.0
850,835,18.0,1,58.0,83.0,75.0,77.0,3,1,0,72.0
851,836,17.0,1,81.0,96.0,69.0,93.0,3,1,1,82.0
852,837,16.0,1,62.0,82.0,55.0,90.0,3,1,0,66.33333333333333
853,838,18.0,0,75.0,60.0,65.0,78.0,1,1,0,66.66666666666667
854,839,16.0,0,75.42170022371364,74.0,99.0,87.46570796460178,1,0,1,82.80723340790455
855,840,16.0,1,58.0,75.40376106194691,98.0,75.0,0,1,0,77.13458702064896
856,841,18.0,1,51.0,71.0,88.0,100.0,1,0,0,70.0
857,842,17.0,0,60.0,92.0,100.0,78.0,3,1,0,84.0
858,843,18.0,0,95.0,60.0,78.0,100.0,3,0,1,77.66666666666667
859,844,16.0,1,52.0,61.0,97.0,87.46570796460178,0,0,0,70.0
860,846,16.0,0,90.0,53.0,61.0,99.0,3,1,0,68.0
861,847,18.0,0,84.0,69.0,70.0,90.0,2,0,0,74.33333333333333
862,848,16.0,0,88.0,78.0,62.0,85.0,1,1,1,76.0
863,849,18.0,0,92.0,61.0,75.2911111111111,85.0,2,0,0,76.09703703703703
864,850,18.0,1,51.0,58.0,75.0,85.0,2,0,0,61.333333333333336
865,851,18.0,0,75.42170022371364,50.0,86.0,82.0,3,1,0,70.4739000745712
866,852,18.0,0,78.0,66.0,51.0,96.0,0,1,0,65.0
867,853,17.0,1,85.0,75.40376106194691,91.0,94.0,3,1,0,83.80125368731564
868,854,17.0,1,94.0,81.0,64.0,87.46570796460178,1,0,1,79.66666666666667
869,855,18.0,1,94.0,50.0,79.0,85.0,2,1,1,74.33333333333333
870,857,17.0,0,50.0,81.0,94.0,75.0,3,0,0,75.0
871,858,17.0,0,92.0,87.0,53.0,97.0,1,0,0,77.33333333333333
872,859,17.0,1,83.0,79.0,77.0,79.0,0,1,1,79.66666666666667
873,860,16.0,0,88.0,55.0,59.0,87.46570796460178,3,0,1,67.33333333333333
874,861,18.0,0,76.0,50.0,75.2911111111111,91.0,0,0,1,67.09703703703703
875,862,17.0,1,56.0,85.0,86.0,97.0,0,0,0,75.66666666666667
876,863,18.0,0,89.0,90.0,95.0,82.0,2,0,0,91.33333333333333
877,864,17.0,0,57.0,63.0,99.0,94.0,1,1,1,73.0
878,865,17.0,1,81.0,75.40376106194691,79.0,90.0,3,0,0,78.46792035398231
879,866,18.0,1,62.0,91.0,81.0,96.0,1,0,0,78.0
880,868,18.0,1,83.0,59.0,95.0,95.0,2,1,1,79.0
881,869,18.0,0,72.0,92.0,100.0,85.0,3,1,0,88.0
882,870,18.0,1,68.0,88.0,97.0,87.46570796460178,3,0,0,84.33333333333333
883,871,16.0,0,85.0,55.0,58.0,76.0,0,0,1,66.0
884,872,18.0,0,63.0,75.40376106194691,63.0,98.0,1,0,1,67.13458702064896
885,873,18.0,0,80.0,61.0,68.0,89.0,0,0,0,69.66666666666667
886,874,17.0,0,50.0,68.0,62.0,90.0,1,1,0,60.0
887,875,16.0,1,75.42170022371364,94.0,76.0,94.0,3,1,0,81.80723340790455
888,876,18.0,1,75.42170022371364,86.0,51.0,86.0,2,1,1,70.80723340790455
889,877,18.0,1,86.0,61.0,66.0,90.0,2,1,0,71.0
890,879,18.0,0,59.0,97.0,78.0,97.0,0,0,0,78.0
891,880,18.0,0,99.0,52.0,73.0,98.0,1,1,0,74.66666666666667
892,881,18.0,1,96.0,75.40376106194691,91.0,94.0,0,1,0,87.46792035398231
893,882,18.0,1,66.0,73.0,50.0,79.0,1,0,0,63.0
894,883,18.0,1,79.0,54.0,70.0,93.0,2,1,1,67.66666666666667
895,884,17.0,1,68.0,85.0,75.0,97.0,3,1,0,76.0
896,885,18.0,1,53.0,75.40376106194691,95.0,79.0,1,1,1,74.46792035398231
897,886,18.0,1,75.42170022371364,57.0,77.0,77.0,2,0,0,69.80723340790455
898,887,16.0,0,52.0,67.0,66.0,96.0,3,0,0,61.666666666666664
899,888,17.0,0,73.0,76.0,75.2911111111111,89.0,3,1,0,74.7637037037037
900,891,18.0,1,70.0,94.0,53.0,89.0,0,1,1,72.33333333333333
901,892,18.0,1,57.0,53.0,65.0,90.0,2,0,0,58.333333333333336
902,893,18.0,0,75.42170022371364,96.0,72.0,82.0,0,1,0,81.14056674123788
903,894,18.0,1,52.0,83.0,92.0,80.0,1,0,0,75.66666666666667
904,895,16.0,0,75.42170022371364,80.0,88.0,96.0,1,0,1,81.14056674123788
905,896,18.0,1,91.0,88.0,52.0,78.0,3,0,1,77.0
906,897,18.0,0,72.0,95.0,75.2911111111111,97.0,2,0,0,80.7637037037037
907,898,16.0,1,89.0,88.0,74.0,87.46570796460178,2,1,1,83.66666666666667
908,899,16.0,0,96.0,66.0,75.0,85.0,0,1,0,79.0
909,900,18.0,0,75.42170022371364,89.0,58.0,99.0,0,0,1,74.14056674123788
910,902,18.0,1,61.0,58.0,85.0,98.0,2,0,1,68.0
911,903,17.0,0,75.0,81.0,75.2911111111111,90.0,3,0,1,77.09703703703703
912,904,18.0,0,67.0,90.0,60.0,96.0,3,1,1,72.33333333333333
913,905,17.0,1,94.0,61.0,71.0,79.0,3,0,1,75.33333333333333
914,906,17.0,0,76.0,64.0,58.0,95.0,0,0,1,66.0
915,907,18.0,0,60.0,62.0,75.2911111111111,77.0,3,0,0,65.7637037037037
916,908,17.0,1,94.0,75.40376106194691,77.0,85.0,2,1,0,82.13458702064896
917,909,16.0,1,60.0,75.40376106194691,57.0,93.0,3,1,0,64.13458702064896
918,910,16.0,1,87.0,57.0,58.0,94.0,1,1,0,67.33333333333333
919,911,18.0,1,86.0,63.0,67.0,87.46570796460178,0,0,0,72.0
920,913,18.0,0,61.0,76.0,77.0,97.0,1,1,1,71.33333333333333
921,914,16.0,0,99.0,71.0,66.0,98.0,0,0,0,78.66666666666667
922,915,18.0,1,51.0,90.0,98.0,95.0,2,1,1,79.66666666666667
923,916,17.0,1,96.0,90.0,83.0,88.0,2,0,1,89.66666666666667
924,917,16.0,1,58.0,68.0,60.0,82.0,1,1,0,62.0
925,918,18.0,0,81.0,54.0,81.0,84.0,0,0,0,72.0
926,919,18.0,1,76.0,82.0,59.0,87.46570796460178,3,1,1,72.33333333333333
927,920,18.0,0,54.0,99.0,92.0,87.46570796460178,0,0,1,81.66666666666667
928,921,17.0,0,70.0,75.40376106194691,78.0,81.0,3,0,1,74.46792035398231
929,922,17.0,1,75.42170022371364,71.0,75.2911111111111,78.0,2,1,0,73.90427044494157
930,924,17.0,1,83.0,86.0,64.0,79.0,1,1,1,77.66666666666667
931,925,18.0,0,86.0,51.0,80.0,87.0,3,0,0,72.33333333333333
932,926,18.0,0,64.0,62.0,95.0,75.0,2,0,0,73.66666666666667
933,927,17.0,0,92.0,71.0,57.0,93.0,1,0,0,73.33333333333333
934,928,18.0,0,83.0,80.0,81.0,87.0,3,1,0,81.33333333333333
935,929,18.0,0,94.0,52.0,75.2911111111111,85.0,0,1,1,73.7637037037037
936,930,18.0,0,77.0,80.0,95.0,100.0,3,0,1,84.0
937,931,18.0,1,65.0,79.0,79.0,100.0,1,0,0,74.33333333333333
938,932,16.0,1,92.0,84.0,96.0,96.0,1,0,1,90.66666666666667
939,933,18.0,0,74.0,79.0,57.0,82.0,0,0,0,70.0
940,935,16.0,1,85.0,76.0,63.0,75.0,0,0,1,74.66666666666667
941,936,17.0,1,89.0,53.0,61.0,89.0,3,1,1,67.66666666666667
942,937,17.0,0,75.42170022371364,69.0,97.0,84.0,0,0,0,80.4739000745712
943,938,18.0,1,60.0,93.0,67.0,90.0,3,0,0,73.33333333333333
944,939,18.0,1,80.0,84.0,92.0,79.0,0,1,1,85.33333333333333
945,940,16.0,1,60.0,75.40376106194691,87.0,79.0,2,1,1,74.13458702064896
946,941,18.0,1,75.42170022371364,71.0,50.0,100.0,0,1,0,65.4739000745712
947,942,16.0,0,65.0,100.0,86.0,76.0,0,0,0,83.66666666666667
948,943,18.0,0,67.0,59.0,54.0,84.0,1,0,1,60.0
949,944,16.0,0,75.42170022371364,51.0,81.0,97.0,2,1,0,69.14056674123788
950,946,18.0,0,91.0,74.0,71.0,97.0,2,1,0,78.66666666666667
951,947,18.0,1,65.0,60.0,75.2911111111111,95.0,1,0,1,66.7637037037037
952,948,18.0,1,75.42170022371364,74.0,93.0,90.0,2,0,0,80.80723340790455
953,949,18.0,0,86.0,57.0,73.0,87.0,2,0,1,72.0
954,950,18.0,0,81.0,98.0,56.0,87.46570796460178,1,1,0,78.33333333333333
955,951,16.0,1,57.0,70.0,59.0,79.0,3,0,1,62.0
956,952,17.0,0,97.0,67.0,75.2911111111111,81.0,3,0,0,79.7637037037037
957,953,18.0,1,56.0,81.0,95.0,100.0,3,0,0,77.33333333333333
958,954,16.0,1,52.0,73.0,79.0,98.0,3,0,1,68.0
959,955,18.0,1,50.0,69.0,67.0,87.46570796460178,2,1,0,62.0
960,957,17.0,0,100.0,69.0,50.0,80.0,2,1,1,73.0
961,958,16.0,1,89.0,73.0,52.0,98.0,3,0,1,71.33333333333333
962,959,18.0,1,82.0,99.0,78.0,96.0,2,0,0,86.33333333333333
963,960,18.0,1,91.0,55.0,96.0,80.0,1,0,1,80.66666666666667
964,961,18.0,1,71.0,51.0,86.0,92.0,0,1,0,69.33333333333333
965,962,16.0,1,53.0,82.0,53.0,88.0,3,0,0,62.666666666666664
966,963,17.0,1,79.0,71.0,68.0,86.0,3,0,0,72.66666666666667
967,964,16.0,0,99.0,96.0,53.0,87.0,2,1,0,82.66666666666667
968,965,16.0,1,80.0,69.0,85.0,87.46570796460178,0,0,1,78.0
969,966,18.0,1,73.0,59.0,74.0,84.0,0,1,1,68.66666666666667
970,968,18.0,1,57.0,56.0,75.2911111111111,81.0,3,0,1,62.7637037037037
971,969,16.0,0,75.42170022371364,83.0,65.0,92.0,3,1,1,74.4739000745712
972,970,16.0,0,50.0,58.0,75.0,79.0,2,0,0,61.0
973,971,17.0,1,90.0,52.0,75.2911111111111,100.0,3,0,1,72.43037037037037
974,972,17.0,1,68.0,95.0,60.0,100.0,2,1,1,74.33333333333333
975,973,18.0,1,73.0,57.0,75.0,87.46570796460178,1,0,0,68.33333333333333
976,974,18.0,1,52.0,75.40376106194691,98.0,84.0,1,1,0,75.13458702064896
977,975,18.0,0,81.0,93.0,59.0,80.0,1,1,0,77.66666666666667
978,976,18.0,1,95.0,55.0,81.0,89.0,1,0,0,77.0
979,977,17.0,0,76.0,52.0,97.0,84.0,1,0,0,75.0
980,979,18.0,0,89.0,99.0,69.0,81.0,3,1,0,85.66666666666667
981,980,16.0,1,57.0,69.0,88.0,98.0,1,0,1,71.33333333333333
982,981,18.0,0,75.0,75.40376106194691,92.0,95.0,3,1,0,80.80125368731564
983,982,18.0,1,100.0,90.0,75.2911111111111,87.46570796460178,1,0,0,88.43037037037037
984,983,18.0,1,71.0,70.0,62.0,93.0,3,0,0,67.66666666666667
985,984,16.0,0,76.0,68.0,74.0,100.0,1,0,0,72.66666666666667
986,985,18.0,0,75.42170022371364,70.0,86.0,79.0,2,0,0,77.14056674123788
987,986,17.0,0,93.0,92.0,55.0,88.0,3,1,1,80.0
988,987,18.0,1,99.0,59.0,73.0,80.0,0,1,0,77.0
989,988,18.0,1,79.0,57.0,77.0,78.0,0,1,0,71.0
990,990,17.0,0,82.0,75.40376106194691,55.0,90.0,3,1,1,70.80125368731564
991,991,18.0,0,81.0,82.0,75.2911111111111,76.0,3,1,1,79.43037037037037
992,992,16.0,1,75.42170022371364,84.0,79.0,91.0,1,1,0,79.4739000745712
993,993,18.0,0,85.0,70.0,91.0,93.0,0,1,0,82.0
994,994,18.0,0,87.0,95.0,59.0,79.0,3,1,0,80.33333333333333
995,995,16.0,0,82.0,86.0,83.0,87.0,1,1,1,83.66666666666667
996,996,18.0,0,61.0,54.0,83.0,78.0,2,0,1,66.0
997,997,18.0,0,61.0,71.0,75.2911111111111,90.0,3,0,0,69.09703703703703
998,998,17.0,1,58.0,53.0,55.0,94.0,3,1,0,55.333333333333336
999,999,16.0,0,92.0,80.0,80.0,95.0,3,1,1,84.0
1000,3,18.0,0,70.0,53.0,58.0,99.0,1,1,1,60.333333333333336
